PRODUCT_1_NAME,PRODUCT_1_BARCODE,PRODUCT_1_MINIMUM_QUANTITY,PRODUCT_1_MF,PRODUCT_1_PRICE,PRODUCT_2_NAME,PRODUCT_2_BARCODE,PRODUCT_2_MINIMUM_QUANTITY,PRODUCT_2_MF,PRODUCT_2_PRICE,PRODUCT_3_NAME,PRODUCT_3_BARCODE,PRODUCT_3_MINIMUM_QUANTITY,PRODUCT_3_MF,PRODUCT_3_PRICE,ValidFrom,ValidUntil
A,1,10,2,1000,,,,,,,,,,,01/01/2024,01/02/2024
A,1,10,3,1000,,,,,,,,,,,01/01/2024,01/02/2024
A,1,10,5,1000,,,,,,,,,,,10/01/2024,15/02/2024
A,1,10,6,1000,B,2,3,1,1500,,,,,,01/01/2024,01/02/2024
B,2,100,50,1500,,,,,,,,,,,01/01/2024,01/02/2024
B,2,10,3,1500,,,,,,,,,,,01/01/2024,01/02/2024
